"user/created_at","user/default_profile_image","user/description","user/fast_followers_count","user/favourites_count","user/followers_count","user/friends_count","user/has_custom_timelines","user/id_str","user/is_translator","user/listed_count","user/location","user/media_count","user/name","user/normal_followers_count","user/possibly_sensitive","user/profile_banner_url","user/profile_image_url_https","user/screen_name","user/statuses_count","user/translator_type","user/verified","profile_image_url_https","full_text","reply_count","retweet_count","favorite_count","url","created_at","view_count"
"2008-12-23T07:55:39.000Z","false","Focused on matching blood donors with those in need. Mentioned in the Mary Meeker Internet Trends Report. Spread the word, help save lives. We save 8 lives/day.","0","21553","1216107","2276","false","18329263","false","370","Mumbai, India","114375","Blood Donors India","1216107","false","https://pbs.twimg.com/profile_banners/18329263/1622109819","https://pbs.twimg.com/profile_images/1614330887335972864/9zWMnJF5_normal.jpg","BloodDonorsIn","388139","none","false",,"For those new to Blood Donors India (@BloodDonorsIN), we are focused on matching blood donors with those in need. No followers here, only contributors. Spread the word, help save lives. #BloodMatters","428","7538","56879","https://twitter.com/BloodDonorsIn/status/1104959438761291776","2019-03-11T04:17:14.000Z",
"2008-12-23T07:55:39.000Z","false","Focused on matching blood donors with those in need. Mentioned in the Mary Meeker Internet Trends Report. Spread the word, help save lives. We save 8 lives/day.","0","21553","1216107","2276","false","18329263","false","370","Mumbai, India","114375","Blood Donors India","1216107","false","https://pbs.twimg.com/profile_banners/18329263/1622109819","https://pbs.twimg.com/profile_images/1614330887335972864/9zWMnJF5_normal.jpg","BloodDonorsIn","388139","none","false",,"CEOs, during this season of giving, here's how to help your employees save lives https://t.co/G6P916Pua4","54","845","12685","https://twitter.com/BloodDonorsIn/status/1076053628085882880","2018-12-21T09:55:51.000Z",
"2008-12-23T07:55:39.000Z","false","Focused on matching blood donors with those in need. Mentioned in the Mary Meeker Internet Trends Report. Spread the word, help save lives. We save 8 lives/day.","0","21553","1216107","2276","false","18329263","false","370","Mumbai, India","114375","Blood Donors India","1216107","false","https://pbs.twimg.com/profile_banners/18329263/1622109819","https://pbs.twimg.com/profile_images/1614330887335972864/9zWMnJF5_normal.jpg","BloodDonorsIn","388139","none","false",,"#SOS #Kozhikode #Kerala
All Blood group donors are requested to come forward and donate blood at Kundotti Mercy Relief Hospital and Kozhikode Medical College Hospital due to Air India plane crash in Kozhikode. #Calicut #AirIndia #AirIndiaExpress #Blood #Dubai #BloodMatters","96","6376","10867","https://twitter.com/BloodDonorsIn/status/1291767256888688641","2020-08-07T16:04:48.000Z",
"2008-12-23T07:55:39.000Z","false","Focused on matching blood donors with those in need. Mentioned in the Mary Meeker Internet Trends Report. Spread the word, help save lives. We save 8 lives/day.","0","21553","1216107","2276","false","18329263","false","370","Mumbai, India","114375","Blood Donors India","1216107","false","https://pbs.twimg.com/profile_banners/18329263/1622109819","https://pbs.twimg.com/profile_images/1614330887335972864/9zWMnJF5_normal.jpg","BloodDonorsIn","388139","none","false",,"#Chennai Need #Blood A+ve, B+ve or AB+ve 5 units daily for Harshraj Bhawani at Fortis Malar Hospital. Call 9322665219, 7021276563, 9327665209 via @Suju30 #BloodMatters","21","1376","6288","https://twitter.com/BloodDonorsIn/status/1076028631313338370","2018-12-21T08:16:32.000Z",
"2008-12-23T07:55:39.000Z","false","Focused on matching blood donors with those in need. Mentioned in the Mary Meeker Internet Trends Report. Spread the word, help save lives. We save 8 lives/day.","0","21553","1216107","2276","false","18329263","false","370","Mumbai, India","114375","Blood Donors India","1216107","false","https://pbs.twimg.com/profile_banners/18329263/1622109819","https://pbs.twimg.com/profile_images/1614330887335972864/9zWMnJF5_normal.jpg","BloodDonorsIn","388139","none","false",,"#Surat
Urgent Blood required - A+ve, O+ve or any blood group donor wish to donate, Please rush immediately towards Surat Civil Hospital because of casualties resulting Sarsana fire tragedy. Thanks!! #BloodMatters","56","2062","2446","https://twitter.com/BloodDonorsIn/status/1131935944691527687","2019-05-24T14:52:14.000Z",
"2008-12-23T07:55:39.000Z","false","Focused on matching blood donors with those in need. Mentioned in the Mary Meeker Internet Trends Report. Spread the word, help save lives. We save 8 lives/day.","0","21553","1216107","2276","false","18329263","false","370","Mumbai, India","114375","Blood Donors India","1216107","false","https://pbs.twimg.com/profile_banners/18329263/1622109819","https://pbs.twimg.com/profile_images/1614330887335972864/9zWMnJF5_normal.jpg","BloodDonorsIn","388139","none","false",,"We need help @narendramodi @PMOIndia @drharshvardhan, @MoHFW_INDIA. We save an estimated 8-10 lives daily. But donors are hesitant because of lockdown conditions, so we're facing an extreme shortage of Blood. All Chief Ministers help - can we help with appeal, passes &amp; transport?","57","1033","1305","https://twitter.com/BloodDonorsIn/status/1247168953081663490","2020-04-06T14:27:04.000Z",
"2008-12-23T07:55:39.000Z","false","Focused on matching blood donors with those in need. Mentioned in the Mary Meeker Internet Trends Report. Spread the word, help save lives. We save 8 lives/day.","0","21553","1216107","2276","false","18329263","false","370","Mumbai, India","114375","Blood Donors India","1216107","false","https://pbs.twimg.com/profile_banners/18329263/1622109819","https://pbs.twimg.com/profile_images/1614330887335972864/9zWMnJF5_normal.jpg","BloodDonorsIn","388139","none","false",,"#Chennai
Need #Blood Type :  B-positive
Blood Component : Blood
Number of Units : 2
Primary Number : 9176550338
Illness : Open heart surgery
Via: @v_aswin
#BloodMatters
Powered by Twitter https://t.co/SJFDrqTp9c","1381","570","532","https://twitter.com/BloodDonorsIn/status/1609831941817122816","2023-01-02T08:40:18.000Z","10203"
"2008-12-23T07:55:39.000Z","false","Focused on matching blood donors with those in need. Mentioned in the Mary Meeker Internet Trends Report. Spread the word, help save lives. We save 8 lives/day.","0","21553","1216107","2276","false","18329263","false","370","Mumbai, India","114375","Blood Donors India","1216107","false","https://pbs.twimg.com/profile_banners/18329263/1622109819","https://pbs.twimg.com/profile_images/1614330887335972864/9zWMnJF5_normal.jpg","BloodDonorsIn","388139","none","false",,"1/ On World Blood Donors Day today, our own Sachin Tendulkar and his entire team donated blood. Here's Blood Donors India's long time supporter Harsha Bhogle interviewing him for us @sachin_rt @bhogleharsha https://t.co/Ymf6z5YgZb","107","229","1136","https://twitter.com/BloodDonorsIn/status/1404399127706836994","2021-06-14T11:23:39.000Z",
"2008-12-23T07:55:39.000Z","false","Focused on matching blood donors with those in need. Mentioned in the Mary Meeker Internet Trends Report. Spread the word, help save lives. We save 8 lives/day.","0","21553","1216107","2276","false","18329263","false","370","Mumbai, India","114375","Blood Donors India","1216107","false","https://pbs.twimg.com/profile_banners/18329263/1622109819","https://pbs.twimg.com/profile_images/1614330887335972864/9zWMnJF5_normal.jpg","BloodDonorsIn","388139","none","false",,"#Delhi Need #Blood AB+ve at Rajiv Gandhi Cancer Hospital
Sector 5, Rohini
Contact : 7983608434 via @Aakanksha_NGO
cc @Pedal_India @crowngaurav @sunetrac @ArvindGaur @boxervijender @TajinderBagga @DelhiDaredevils @DelhiPolice @virendersehwag
@nistula #BloodMatters","18","316","843","https://twitter.com/BloodDonorsIn/status/986869621134372864","2018-04-19T07:30:27.000Z",
"2008-12-23T07:55:39.000Z","false","Focused on matching blood donors with those in need. Mentioned in the Mary Meeker Internet Trends Report. Spread the word, help save lives. We save 8 lives/day.","0","21553","1216107","2276","false","18329263","false","370","Mumbai, India","114375","Blood Donors India","1216107","false","https://pbs.twimg.com/profile_banners/18329263/1622109819","https://pbs.twimg.com/profile_images/1614330887335972864/9zWMnJF5_normal.jpg","BloodDonorsIn","388139","none","false",,"#Ghaziabad Need #Blood any group 12 units at Max Hospital,Vaishali. Call 9958012320 via @AshuBhatt83. Please share @ghaziabadpolice @akashtomarips @AtulGargBJP @Gen_VKSingh @DrKumarVishwas @nistula @Nidhi @MohammadKaif @ImRaina @rituias2003 @TajinderBagga @gargankur #BloodMatters","6","289","640","https://twitter.com/BloodDonorsIn/status/1046423195748724736","2018-09-30T15:35:06.000Z",
"2008-12-23T07:55:39.000Z","false","Focused on matching blood donors with those in need. Mentioned in the Mary Meeker Internet Trends Report. Spread the word, help save lives. We save 8 lives/day.","0","21553","1216107","2276","false","18329263","false","370","Mumbai, India","114375","Blood Donors India","1216107","false","https://pbs.twimg.com/profile_banners/18329263/1622109819","https://pbs.twimg.com/profile_images/1614330887335972864/9zWMnJF5_normal.jpg","BloodDonorsIn","388139","none","false",,"#Delhi Need #Blood Any group for Liver Transplant surgery at ILBS, Vasant Kunj. Call 9818643718 via @iSagarSingh @BloodAid cc @DelhiDaredevils @virendersehwag @DrKumarVishwas @TajinderBagga @nistula @upma23 @crowngaurav @ArvindGaur #BloodMatters","7","206","601","https://twitter.com/BloodDonorsIn/status/986892014041133056","2018-04-19T08:59:26.000Z",
"2008-12-23T07:55:39.000Z","false","Focused on matching blood donors with those in need. Mentioned in the Mary Meeker Internet Trends Report. Spread the word, help save lives. We save 8 lives/day.","0","21553","1216107","2276","false","18329263","false","370","Mumbai, India","114375","Blood Donors India","1216107","false","https://pbs.twimg.com/profile_banners/18329263/1622109819","https://pbs.twimg.com/profile_images/1614330887335972864/9zWMnJF5_normal.jpg","BloodDonorsIn","388139","none","false",,"#AmritsarTrainMishap 
Indian Railways issues helpline numbers for #Amritsar accident: Helpline telephone numbers at #Manawala station- Rly -73325, BSNL - 0183-2440024; Power Cabin ASR-Rly - 72820, BSNL - 0183-2402927; Vijay Sahota,SSE: 7986897301 and Vijay Patel, SSE: 7973657316","8","642","581","https://twitter.com/BloodDonorsIn/status/1053325637534928896","2018-10-19T16:42:56.000Z",
"2008-12-23T07:55:39.000Z","false","Focused on matching blood donors with those in need. Mentioned in the Mary Meeker Internet Trends Report. Spread the word, help save lives. We save 8 lives/day.","0","21553","1216107","2276","false","18329263","false","370","Mumbai, India","114375","Blood Donors India","1216107","false","https://pbs.twimg.com/profile_banners/18329263/1622109819","https://pbs.twimg.com/profile_images/1614330887335972864/9zWMnJF5_normal.jpg","BloodDonorsIn","388139","none","false",,"#Lucknow Need #Blood any group at Vivekanand Hospital, IT Chauraha. Call 7007972084, 9628866000 via @bebakchhora @PandeyAshishh. Please share @lucknowpolice @upcoprahul @DrKumarVishwas @maliniawasthi @richa_singh @rohini_sgh @SanyuktaBhatia @WeUttarPradesh @ImRaina #BloodMatters","11","226","592","https://twitter.com/BloodDonorsIn/status/1048883337845194754","2018-10-07T10:30:49.000Z",
"2008-12-23T07:55:39.000Z","false","Focused on matching blood donors with those in need. Mentioned in the Mary Meeker Internet Trends Report. Spread the word, help save lives. We save 8 lives/day.","0","21553","1216107","2276","false","18329263","false","370","Mumbai, India","114375","Blood Donors India","1216107","false","https://pbs.twimg.com/profile_banners/18329263/1622109819","https://pbs.twimg.com/profile_images/1614330887335972864/9zWMnJF5_normal.jpg","BloodDonorsIn","388139","none","false",,"#Coimbatore
Need #Blood Type :  AB-positive
At : Ganga Hospital. 
Blood Component : Blood
Number of Units : 3
Primary Number : 9578684275
Via: @SathyanChitti
#BloodMatters
Powered by Twitter https://t.co/13H7TAM2Ji","39","128","576","https://twitter.com/BloodDonorsIn/status/1359898177156091905","2021-02-11T16:12:45.000Z",
"2008-12-23T07:55:39.000Z","false","Focused on matching blood donors with those in need. Mentioned in the Mary Meeker Internet Trends Report. Spread the word, help save lives. We save 8 lives/day.","0","21553","1216107","2276","false","18329263","false","370","Mumbai, India","114375","Blood Donors India","1216107","false","https://pbs.twimg.com/profile_banners/18329263/1622109819","https://pbs.twimg.com/profile_images/1614330887335972864/9zWMnJF5_normal.jpg","BloodDonorsIn","388139","none","false",,"Via: @jeasbe 
#Mohali
Blood Type :  A-negative
At : Shelby Hospital
Primary Number : 9463588636
Secondary Number : 7973914120 
Illness : Dengue
#BloodMatters
Powered by Twitter https://t.co/dQeNrqkp5D","2","131","534","https://twitter.com/BloodDonorsIn/status/1061180867391995904","2018-11-10T08:56:49.000Z",
"2008-12-23T07:55:39.000Z","false","Focused on matching blood donors with those in need. Mentioned in the Mary Meeker Internet Trends Report. Spread the word, help save lives. We save 8 lives/day.","0","21553","1216107","2276","false","18329263","false","370","Mumbai, India","114375","Blood Donors India","1216107","false","https://pbs.twimg.com/profile_banners/18329263/1622109819","https://pbs.twimg.com/profile_images/1614330887335972864/9zWMnJF5_normal.jpg","BloodDonorsIn","388139","none","false",,"Good news! Glad to announce our partnership with @TwitterIndia on #BloodMatters with the support of @MoHFW_INDIA and @JPNadda. We're going to work together to help save many more lives around the country. Thank you to all donors and volunteers...","61","312","512","https://twitter.com/BloodDonorsIn/status/976044786951041024","2018-03-20T10:36:25.000Z",
"2008-12-23T07:55:39.000Z","false","Focused on matching blood donors with those in need. Mentioned in the Mary Meeker Internet Trends Report. Spread the word, help save lives. We save 8 lives/day.","0","21553","1216107","2276","false","18329263","false","370","Mumbai, India","114375","Blood Donors India","1216107","false","https://pbs.twimg.com/profile_banners/18329263/1622109819","https://pbs.twimg.com/profile_images/1614330887335972864/9zWMnJF5_normal.jpg","BloodDonorsIn","388139","none","false",,"#SOS All #Blood group donors are requested to come forward and donate blood at Govt. Civil Hospital or Guru Nanak Hospital in #Amritsar. #AmritsarTrainAccident #trainaccident #Accident #PunjabTrainMishap","16","594","473","https://twitter.com/BloodDonorsIn/status/1053326509862088704","2018-10-19T16:46:24.000Z",
"2008-12-23T07:55:39.000Z","false","Focused on matching blood donors with those in need. Mentioned in the Mary Meeker Internet Trends Report. Spread the word, help save lives. We save 8 lives/day.","0","21553","1216107","2276","false","18329263","false","370","Mumbai, India","114375","Blood Donors India","1216107","false","https://pbs.twimg.com/profile_banners/18329263/1622109819","https://pbs.twimg.com/profile_images/1614330887335972864/9zWMnJF5_normal.jpg","BloodDonorsIn","388139","none","false",,"#Hyderabad Need O+ve #Blood at Maxcure hospital, Hyderabad. Please contact +91 81791 71444 via @ursaishwarya cc @hydcitypolice @Samanthaprabhu2 @tarak9999 @PawanKalyan @crowngaurav @Aakanksha_NGO @AkhilAkkineni8 #BloodMatters","2","212","478","https://twitter.com/BloodDonorsIn/status/985819072179785728","2018-04-16T09:55:57.000Z",
"2008-12-23T07:55:39.000Z","false","Focused on matching blood donors with those in need. Mentioned in the Mary Meeker Internet Trends Report. Spread the word, help save lives. We save 8 lives/day.","0","21553","1216107","2276","false","18329263","false","370","Mumbai, India","114375","Blood Donors India","1216107","false","https://pbs.twimg.com/profile_banners/18329263/1622109819","https://pbs.twimg.com/profile_images/1614330887335972864/9zWMnJF5_normal.jpg","BloodDonorsIn","388139","none","false",,"We are facing a problem with not enough donors being willing or able to travel to hospitals to donate blood. Please do try your best, while keeping safe...","12","213","525","https://twitter.com/BloodDonorsIn/status/1242978510370516993","2020-03-26T00:55:44.000Z",
"2008-12-23T07:55:39.000Z","false","Focused on matching blood donors with those in need. Mentioned in the Mary Meeker Internet Trends Report. Spread the word, help save lives. We save 8 lives/day.","0","21553","1216107","2276","false","18329263","false","370","Mumbai, India","114375","Blood Donors India","1216107","false","https://pbs.twimg.com/profile_banners/18329263/1622109819","https://pbs.twimg.com/profile_images/1614330887335972864/9zWMnJF5_normal.jpg","BloodDonorsIn","388139","none","false",,"𝗔𝗽𝗽𝗲𝗮𝗹
There is an extreme shortage of blood across India during this Lock down. Please donate blood at your nearest hospital. Patient's families can provide letter from the hospital to help you reach for donation. Also, requesting authorities to support. #IndiaFightsCorona","46","418","504","https://twitter.com/BloodDonorsIn/status/1246112776424058880","2020-04-03T16:30:12.000Z",
"2008-12-23T07:55:39.000Z","false","Focused on matching blood donors with those in need. Mentioned in the Mary Meeker Internet Trends Report. Spread the word, help save lives. We save 8 lives/day.","0","21553","1216107","2276","false","18329263","false","370","Mumbai, India","114375","Blood Donors India","1216107","false","https://pbs.twimg.com/profile_banners/18329263/1622109819","https://pbs.twimg.com/profile_images/1614330887335972864/9zWMnJF5_normal.jpg","BloodDonorsIn","388139","none","false",,"#Delhi Urgently Need #Blood A-ve (Rare group) at AIIMS Hospital. Call 9990159715, 9810494838 via @sejaljobanputra. Please share @DelhiPolice @rjraunac @GautamGambhir @virendersehwag @DrKumarVishwas @amritabhinder @Nidhi @nistula @AnkitLal @MirchiSayema @Alllahdin #BloodMatters","7","303","481","https://twitter.com/BloodDonorsIn/status/1047525479769468928","2018-10-03T16:35:11.000Z",
"2008-12-23T07:55:39.000Z","false","Focused on matching blood donors with those in need. Mentioned in the Mary Meeker Internet Trends Report. Spread the word, help save lives. We save 8 lives/day.","0","21553","1216107","2276","false","18329263","false","370","Mumbai, India","114375","Blood Donors India","1216107","false","https://pbs.twimg.com/profile_banners/18329263/1622109819","https://pbs.twimg.com/profile_images/1614330887335972864/9zWMnJF5_normal.jpg","BloodDonorsIn","388139","none","false",,"#Lucknow Need #Blood Any group 2 units at Sahara Hospital. Call 9838937999 via @ihimanshu_ #BloodMatters","1","182","402","https://twitter.com/BloodDonorsIn/status/1079957149248294913","2019-01-01T04:27:03.000Z",
"2008-12-23T07:55:39.000Z","false","Focused on matching blood donors with those in need. Mentioned in the Mary Meeker Internet Trends Report. Spread the word, help save lives. We save 8 lives/day.","0","21553","1216107","2276","false","18329263","false","370","Mumbai, India","114375","Blood Donors India","1216107","false","https://pbs.twimg.com/profile_banners/18329263/1622109819","https://pbs.twimg.com/profile_images/1614330887335972864/9zWMnJF5_normal.jpg","BloodDonorsIn","388139","none","false",,"A very Happy Birthday to our evergreen supporter @bhogleharsha - he supported us with daily tweets when I had less than 200 members here...","5","74","390","https://twitter.com/BloodDonorsIn/status/1152207258282909698","2019-07-19T13:23:12.000Z",
"2008-12-23T07:55:39.000Z","false","Focused on matching blood donors with those in need. Mentioned in the Mary Meeker Internet Trends Report. Spread the word, help save lives. We save 8 lives/day.","0","21553","1216107","2276","false","18329263","false","370","Mumbai, India","114375","Blood Donors India","1216107","false","https://pbs.twimg.com/profile_banners/18329263/1622109819","https://pbs.twimg.com/profile_images/1614330887335972864/9zWMnJF5_normal.jpg","BloodDonorsIn","388139","none","false",,"#Ghaziabad Need #Blood Any group 10 units at Max Hospital, Vaishali. Call 9654230038 via @vivek11972. Please share @ghaziabadpolice @akashtomarips @AtulGargBJP @Gen_VKSingh @DrKumarVishwas @nistula @Nidhi @ImRaina @rituias2003 @TajinderBagga @sunilsharma_bjp #BloodMatters","0","109","397","https://twitter.com/BloodDonorsIn/status/1070244662143664129","2018-12-05T09:13:06.000Z",
"2008-12-23T07:55:39.000Z","false","Focused on matching blood donors with those in need. Mentioned in the Mary Meeker Internet Trends Report. Spread the word, help save lives. We save 8 lives/day.","0","21553","1216107","2276","false","18329263","false","370","Mumbai, India","114375","Blood Donors India","1216107","false","https://pbs.twimg.com/profile_banners/18329263/1622109819","https://pbs.twimg.com/profile_images/1614330887335972864/9zWMnJF5_normal.jpg","BloodDonorsIn","388139","none","false",,"#Ghaziabad Need #Blood Any group at Yashoda Hospital, Kaushami. Call 8826926937 via @rjginnie. Please share @ghaziabadpolice @AtulGargBJP @Gen_VKSingh @DrKumarVishwas @nistula @Nidhi @ImRaina @rituias2003 @aditi_tyagi @TajinderBagga @sunilsharma_bjp @sardanarohit #BloodMatters","3","134","395","https://twitter.com/BloodDonorsIn/status/1072070019905839104","2018-12-10T10:06:25.000Z",
"2008-12-23T07:55:39.000Z","false","Focused on matching blood donors with those in need. Mentioned in the Mary Meeker Internet Trends Report. Spread the word, help save lives. We save 8 lives/day.","0","21553","1216107","2276","false","18329263","false","370","Mumbai, India","114375","Blood Donors India","1216107","false","https://pbs.twimg.com/profile_banners/18329263/1622109819","https://pbs.twimg.com/profile_images/1614330887335972864/9zWMnJF5_normal.jpg","BloodDonorsIn","388139","none","false",,"#Ghaziabad Need #Blood AB+ve at Sarvodaya Super Speciality Hospital. Call 9990184412 via @iamPuspanjali. Please share @ghaziabadpolice @akashtomarips @AtulGargBJP @Gen_VKSingh @DrKumarVishwas @nistula @Nidhi @sunetrac @MohammadKaif @ImRaina @OneTipOneHand_ #BloodMatters","5","154","373","https://twitter.com/BloodDonorsIn/status/1044143542745030656","2018-09-24T08:36:34.000Z",
"2008-12-23T07:55:39.000Z","false","Focused on matching blood donors with those in need. Mentioned in the Mary Meeker Internet Trends Report. Spread the word, help save lives. We save 8 lives/day.","0","21553","1216107","2276","false","18329263","false","370","Mumbai, India","114375","Blood Donors India","1216107","false","https://pbs.twimg.com/profile_banners/18329263/1622109819","https://pbs.twimg.com/profile_images/1614330887335972864/9zWMnJF5_normal.jpg","BloodDonorsIn","388139","none","false",,"#Ambala Need #Blood AB+ve 12 Units at MM Institute of Medical Science Hospital. Call 9761469533 via @nagendra_rudra. Please share @anilvijminister @ParineetiChopra @iam_juhi @boxervijender @RandeepHooda #BloodMatters","6","116","371","https://twitter.com/BloodDonorsIn/status/1046651061467926528","2018-10-01T06:40:33.000Z",
"2008-12-23T07:55:39.000Z","false","Focused on matching blood donors with those in need. Mentioned in the Mary Meeker Internet Trends Report. Spread the word, help save lives. We save 8 lives/day.","0","21553","1216107","2276","false","18329263","false","370","Mumbai, India","114375","Blood Donors India","1216107","false","https://pbs.twimg.com/profile_banners/18329263/1622109819","https://pbs.twimg.com/profile_images/1614330887335972864/9zWMnJF5_normal.jpg","BloodDonorsIn","388139","none","false",,"#Lucknow Need #Blood any group at PGI Lucknow. Call 9795982705, 7800014189 via @VnsAnuT cc @crowngaurav @WeUttarPradesh @upcoprahul @nistula @Cawnporiah @bhaiyyajispeaks @DrKumarVishwas @maliniawasthi @ImRaina @Uppolice @lucknowpolice #BloodMatters","5","190","365","https://twitter.com/BloodDonorsIn/status/989709328348102657","2018-04-27T03:34:26.000Z",
"2008-12-23T07:55:39.000Z","false","Focused on matching blood donors with those in need. Mentioned in the Mary Meeker Internet Trends Report. Spread the word, help save lives. We save 8 lives/day.","0","21553","1216107","2276","false","18329263","false","370","Mumbai, India","114375","Blood Donors India","1216107","false","https://pbs.twimg.com/profile_banners/18329263/1622109819","https://pbs.twimg.com/profile_images/1614330887335972864/9zWMnJF5_normal.jpg","BloodDonorsIn","388139","none","false",,"Help! India is running really short of blood- many blood banks have run dry and donors have reduced drastically. We've seen a 200% increase in requests, and while the champions in our 1.2 mln network have risen to the occasion, we need many more people to join us to save lives...","12","412","379","https://twitter.com/BloodDonorsIn/status/1334397379714248705","2020-12-03T07:21:41.000Z",
"2008-12-23T07:55:39.000Z","false","Focused on matching blood donors with those in need. Mentioned in the Mary Meeker Internet Trends Report. Spread the word, help save lives. We save 8 lives/day.","0","21553","1216107","2276","false","18329263","false","370","Mumbai, India","114375","Blood Donors India","1216107","false","https://pbs.twimg.com/profile_banners/18329263/1622109819","https://pbs.twimg.com/profile_images/1614330887335972864/9zWMnJF5_normal.jpg","BloodDonorsIn","388139","none","false",,"#Hyderabad Need #Blood Platelets A+ve for 10 days old baby at Rainbow Hospital. Call 9581002676 via @MirchiRJSameer. Pls share @alluarjun @hydcitypolice @KTRTRS @LakshmiManchu @vennelakishore @23_rahulr @purijagan @Nidhi @calamur @VVSLaxman281 @nistula @D_Roopa_IPS #BloodMatters","5","178","362","https://twitter.com/BloodDonorsIn/status/1068551036585922560","2018-11-30T17:03:14.000Z",
"2008-12-23T07:55:39.000Z","false","Focused on matching blood donors with those in need. Mentioned in the Mary Meeker Internet Trends Report. Spread the word, help save lives. We save 8 lives/day.","0","21553","1216107","2276","false","18329263","false","370","Mumbai, India","114375","Blood Donors India","1216107","false","https://pbs.twimg.com/profile_banners/18329263/1622109819","https://pbs.twimg.com/profile_images/1614330887335972864/9zWMnJF5_normal.jpg","BloodDonorsIn","388139","none","false",,"In last 6 days, We have received more than 7,500 + requests for #Plasma &amp; still working on it. Requesting you all, don’t share any image or screenshot of the request this increases our bandwidth &amp; time to respond. Pls type the contact number &amp; tag us instead with other details.","211","230","348","https://twitter.com/BloodDonorsIn/status/1383420967460896774","2021-04-17T14:03:56.000Z",
"2008-12-23T07:55:39.000Z","false","Focused on matching blood donors with those in need. Mentioned in the Mary Meeker Internet Trends Report. Spread the word, help save lives. We save 8 lives/day.","0","21553","1216107","2276","false","18329263","false","370","Mumbai, India","114375","Blood Donors India","1216107","false","https://pbs.twimg.com/profile_banners/18329263/1622109819","https://pbs.twimg.com/profile_images/1614330887335972864/9zWMnJF5_normal.jpg","BloodDonorsIn","388139","none","false",,"#Pollachi Need #Blood O-ve at Prabhu Hospital, New scheme road, Pollachi. Call 98430 66854 via @arunavijay1970 cc @crowngaurav @khushsundar @realradikaa @ChennaiRains @ChennaiIPL @hiyer @ActorMadhavan @actorvijay @KeerthyOfficial @ihansika @dhanushkraja #BloodMatters","5","165","319","https://twitter.com/BloodDonorsIn/status/992629876329996294","2018-05-05T04:59:39.000Z",
"2008-12-23T07:55:39.000Z","false","Focused on matching blood donors with those in need. Mentioned in the Mary Meeker Internet Trends Report. Spread the word, help save lives. We save 8 lives/day.","0","21553","1216107","2276","false","18329263","false","370","Mumbai, India","114375","Blood Donors India","1216107","false","https://pbs.twimg.com/profile_banners/18329263/1622109819","https://pbs.twimg.com/profile_images/1614330887335972864/9zWMnJF5_normal.jpg","BloodDonorsIn","388139","none","false",,"#Delhi Need #Blood O+ve 3 units at #Army RR Hospital. Call 9350449228 via @TARUNPRAKASH071. Please share @DelhiPolice @MajDPSingh @nistula @nidhi @TajinderBagga @AnkitLal @amritabhinder @MirchiSayema @ArvindGaur @GautamGambhir #BloodMatters","4","209","336","https://twitter.com/BloodDonorsIn/status/1046350424335237120","2018-09-30T10:45:56.000Z",
"2008-12-23T07:55:39.000Z","false","Focused on matching blood donors with those in need. Mentioned in the Mary Meeker Internet Trends Report. Spread the word, help save lives. We save 8 lives/day.","0","21553","1216107","2276","false","18329263","false","370","Mumbai, India","114375","Blood Donors India","1216107","false","https://pbs.twimg.com/profile_banners/18329263/1622109819","https://pbs.twimg.com/profile_images/1614330887335972864/9zWMnJF5_normal.jpg","BloodDonorsIn","388139","none","false",,"#Mohali #Punjab Need #Blood O+ve at Fortis Hospital. Call 95016 55969 via @rbhatiachd cc @crowngaurav @diljitdosanjh @harbhajan_singh @gurdasmaan @jassi1gill @realpreityzinta @lionsdenkxip @SinghLions @TajinderBagga @ikpsgill1 @amritabhinder @GulPanag @GuruOfficial #BloodMatters","3","126","317","https://twitter.com/BloodDonorsIn/status/991197043736633349","2018-05-01T06:06:05.000Z",
"2008-12-23T07:55:39.000Z","false","Focused on matching blood donors with those in need. Mentioned in the Mary Meeker Internet Trends Report. Spread the word, help save lives. We save 8 lives/day.","0","21553","1216107","2276","false","18329263","false","370","Mumbai, India","114375","Blood Donors India","1216107","false","https://pbs.twimg.com/profile_banners/18329263/1622109819","https://pbs.twimg.com/profile_images/1614330887335972864/9zWMnJF5_normal.jpg","BloodDonorsIn","388139","none","false",,"#Coimbatore
Need #Blood Type :  AB-positive
At : Masonic Medical Center
Blood Component : Blood
Number of Units : 1
Primary Number : 7373146694
Via: @indyanbug
#BloodMatters
Powered by Twitter https://t.co/A5dUiSZGP8","5","581","260","https://twitter.com/BloodDonorsIn/status/1291814851619295233","2020-08-07T19:13:56.000Z",
"2008-12-23T07:55:39.000Z","false","Focused on matching blood donors with those in need. Mentioned in the Mary Meeker Internet Trends Report. Spread the word, help save lives. We save 8 lives/day.","0","21553","1216107","2276","false","18329263","false","370","Mumbai, India","114375","Blood Donors India","1216107","false","https://pbs.twimg.com/profile_banners/18329263/1622109819","https://pbs.twimg.com/profile_images/1614330887335972864/9zWMnJF5_normal.jpg","BloodDonorsIn","388139","none","false",,"#Hyderabad Need #Blood Platelets O+ve for 3yo child at Bhasava Taraka Hospital, Jubilee Hills. Call 8978133004 via @vgudiban @astro_pranu. Please share @hydcitypolice @KTRTRS @LakshmiManchu @vennelakishore @23_rahulr @purijagan @tarak9999 @anusuyakhasba @RJChaitu #BloodMatters","3","205","306","https://twitter.com/BloodDonorsIn/status/1038345373486440448","2018-09-08T08:36:43.000Z",
"2008-12-23T07:55:39.000Z","false","Focused on matching blood donors with those in need. Mentioned in the Mary Meeker Internet Trends Report. Spread the word, help save lives. We save 8 lives/day.","0","21553","1216107","2276","false","18329263","false","370","Mumbai, India","114375","Blood Donors India","1216107","false","https://pbs.twimg.com/profile_banners/18329263/1622109819","https://pbs.twimg.com/profile_images/1614330887335972864/9zWMnJF5_normal.jpg","BloodDonorsIn","388139","none","false",,"#Hyderabad Need #Blood O-ve at Apollo Hospital. Call 9885903018 via @ravim13. Please share @hydcitypolice @KTRTRS @LakshmiManchu @vennelakishore @23_rahulr @purijagan @RanaDaggubati @anusuyakhasba @RJChaitu #BloodMatters","4","212","288","https://twitter.com/BloodDonorsIn/status/1031062126893268992","2018-08-19T06:15:41.000Z",
"2008-12-23T07:55:39.000Z","false","Focused on matching blood donors with those in need. Mentioned in the Mary Meeker Internet Trends Report. Spread the word, help save lives. We save 8 lives/day.","0","21553","1216107","2276","false","18329263","false","370","Mumbai, India","114375","Blood Donors India","1216107","false","https://pbs.twimg.com/profile_banners/18329263/1622109819","https://pbs.twimg.com/profile_images/1614330887335972864/9zWMnJF5_normal.jpg","BloodDonorsIn","388139","none","false",,"#Hyderabad Need #Blood Platelets A-ve for a Retd. #AirForce Pilot at Prime Hospital. Call 9550167348 via @bkdaripa. Please share @hydcitypolice @KTRTRS @LakshmiManchu @vennelakishore @23_rahulr @purijagan @tarak9999 @anusuyakhasba @RJChaitu @NSaina @MirzaSania #BloodMatters","9","267","279","https://twitter.com/BloodDonorsIn/status/1043703331363799040","2018-09-23T03:27:19.000Z",
"2008-12-23T07:55:39.000Z","false","Focused on matching blood donors with those in need. Mentioned in the Mary Meeker Internet Trends Report. Spread the word, help save lives. We save 8 lives/day.","0","21553","1216107","2276","false","18329263","false","370","Mumbai, India","114375","Blood Donors India","1216107","false","https://pbs.twimg.com/profile_banners/18329263/1622109819","https://pbs.twimg.com/profile_images/1614330887335972864/9zWMnJF5_normal.jpg","BloodDonorsIn","388139","none","false",,"#Delhi
Need #Blood Type :  B-positive
At : AIIMS Hospital. 
Number of Units : 6
Primary Number : 8307383330
Secondary Number : 8750400739
Patient : Devendra Suryavanshi.
Illness : Blood Cancer
Via: @Iacayush
#BloodMatters
Powered by Twitter https://t.co/1LXNubcT6H","8","241","282","https://twitter.com/BloodDonorsIn/status/1092319459149316096","2019-02-04T07:10:28.000Z",
"2008-12-23T07:55:39.000Z","false","Focused on matching blood donors with those in need. Mentioned in the Mary Meeker Internet Trends Report. Spread the word, help save lives. We save 8 lives/day.","0","21553","1216107","2276","false","18329263","false","370","Mumbai, India","114375","Blood Donors India","1216107","false","https://pbs.twimg.com/profile_banners/18329263/1622109819","https://pbs.twimg.com/profile_images/1614330887335972864/9zWMnJF5_normal.jpg","BloodDonorsIn","388139","none","false",,"We're going through difficult times, with so many more requests for blood and plasma. Hats off to the valiant donors and volunteers here. For instance today we got a call from  Aparajitha Aiyer, who said she's Covid-recovered and wanted to donate plasma. May her tribe increase !","12","147","315","https://twitter.com/BloodDonorsIn/status/1383665302282539011","2021-04-18T06:14:49.000Z",
"2008-12-23T07:55:39.000Z","false","Focused on matching blood donors with those in need. Mentioned in the Mary Meeker Internet Trends Report. Spread the word, help save lives. We save 8 lives/day.","0","21553","1216107","2276","false","18329263","false","370","Mumbai, India","114375","Blood Donors India","1216107","false","https://pbs.twimg.com/profile_banners/18329263/1622109819","https://pbs.twimg.com/profile_images/1614330887335972864/9zWMnJF5_normal.jpg","BloodDonorsIn","388139","none","false",,"#SOS #Ghaziabad Need #Blood B-ve for a #Cancer fighter at Sarvodaya Hospital, Kavi Nagar. Call 9958358018, Pls share @ghaziabadpolice @rjraunac @richaanirudh @DrKumarVishwas @Gen_VKSingh @AtulGargBJP @nistula @Nidhi @ImRaina @rituias2003 @TajinderBagga @MirchiSayema #BloodMatters","1","175","287","https://twitter.com/BloodDonorsIn/status/1077257951851606016","2018-12-24T17:41:24.000Z",
"2008-12-23T07:55:39.000Z","false","Focused on matching blood donors with those in need. Mentioned in the Mary Meeker Internet Trends Report. Spread the word, help save lives. We save 8 lives/day.","0","21553","1216107","2276","false","18329263","false","370","Mumbai, India","114375","Blood Donors India","1216107","false","https://pbs.twimg.com/profile_banners/18329263/1622109819","https://pbs.twimg.com/profile_images/1614330887335972864/9zWMnJF5_normal.jpg","BloodDonorsIn","388139","none","false",,"#Delhi
Need #Blood Type :  O-positive
At : Max Saket 
Blood Component : Need Plasma from O+ve #COVID19 recovered patient.
Number of Units : 2
Primary Number : 9897756578
Via: @khanumarfa
#BloodMatters
Powered by Twitter https://t.co/P5FnGTiL6N","9","446","263","https://twitter.com/BloodDonorsIn/status/1291813874719694856","2020-08-07T19:10:03.000Z",
"2008-12-23T07:55:39.000Z","false","Focused on matching blood donors with those in need. Mentioned in the Mary Meeker Internet Trends Report. Spread the word, help save lives. We save 8 lives/day.","0","21553","1216107","2276","false","18329263","false","370","Mumbai, India","114375","Blood Donors India","1216107","false","https://pbs.twimg.com/profile_banners/18329263/1622109819","https://pbs.twimg.com/profile_images/1614330887335972864/9zWMnJF5_normal.jpg","BloodDonorsIn","388139","none","false",,"#Chandigarh Need #Blood Platelets B+ve at GMC Hospital, Sec- 32. Call 7837064058 via @khushdev_37 cc Pls RT @Abhinav_Bindra @MajDPSingh @GulPanag @myrjmanav @GuruOfficial @virendersehwag @ayushmannk @jassi1gill @ikpsgill1 @therealkapildev @SurveenChawla @YUVSTRONG12 #BloodMatters","2","141","278","https://twitter.com/BloodDonorsIn/status/1014390444237586432","2018-07-04T06:08:23.000Z",
"2008-12-23T07:55:39.000Z","false","Focused on matching blood donors with those in need. Mentioned in the Mary Meeker Internet Trends Report. Spread the word, help save lives. We save 8 lives/day.","0","21553","1216107","2276","false","18329263","false","370","Mumbai, India","114375","Blood Donors India","1216107","false","https://pbs.twimg.com/profile_banners/18329263/1622109819","https://pbs.twimg.com/profile_images/1614330887335972864/9zWMnJF5_normal.jpg","BloodDonorsIn","388139","none","false",,"#Hyderabad Need #Blood A+ve at Omega Hospital. Call 9884004432, 7799596662 via @Yasaswy92. Please share @KTRTRS @hydcitypolice @anusuyakhasba @23_rahulr @RanaDaggubati @purijagan @LakshmiManchu #BloodMatters","6","172","266","https://twitter.com/BloodDonorsIn/status/1029260318885564418","2018-08-14T06:55:57.000Z",
"2008-12-23T07:55:39.000Z","false","Focused on matching blood donors with those in need. Mentioned in the Mary Meeker Internet Trends Report. Spread the word, help save lives. We save 8 lives/day.","0","21553","1216107","2276","false","18329263","false","370","Mumbai, India","114375","Blood Donors India","1216107","false","https://pbs.twimg.com/profile_banners/18329263/1622109819","https://pbs.twimg.com/profile_images/1614330887335972864/9zWMnJF5_normal.jpg","BloodDonorsIn","388139","none","false",,"#Hyderabad Need #Blood B+ve or B-ve Platelets at Maxcure Hospital. Call.8638262225 via @Aakanksha_NGO cc @Pedal_India @hydcitypolice @VVSLaxman281 @impradeepmachi
@anusuyakhasba #BloodMatters","5","90","248","https://twitter.com/BloodDonorsIn/status/1019167599010013187","2018-07-17T10:31:05.000Z",
"2008-12-23T07:55:39.000Z","false","Focused on matching blood donors with those in need. Mentioned in the Mary Meeker Internet Trends Report. Spread the word, help save lives. We save 8 lives/day.","0","21553","1216107","2276","false","18329263","false","370","Mumbai, India","114375","Blood Donors India","1216107","false","https://pbs.twimg.com/profile_banners/18329263/1622109819","https://pbs.twimg.com/profile_images/1614330887335972864/9zWMnJF5_normal.jpg","BloodDonorsIn","388139","none","false",,"#Ghaziabad 
Need #Blood Type :  B-positive
At : Yashoda Hospital. 
Blood Component : Need Plasma from B+ve #COVID19 recovered patient.
Primary Number : 9837677428
Via: @ImAvdheshkumar
#BloodMatters
Powered by Twitter https://t.co/864eB4HTZd","10","124","292","https://twitter.com/BloodDonorsIn/status/1308379608908169218","2020-09-22T12:16:21.000Z",
"2008-12-23T07:55:39.000Z","false","Focused on matching blood donors with those in need. Mentioned in the Mary Meeker Internet Trends Report. Spread the word, help save lives. We save 8 lives/day.","0","21553","1216107","2276","false","18329263","false","370","Mumbai, India","114375","Blood Donors India","1216107","false","https://pbs.twimg.com/profile_banners/18329263/1622109819","https://pbs.twimg.com/profile_images/1614330887335972864/9zWMnJF5_normal.jpg","BloodDonorsIn","388139","none","false",,"#Ludhiana #Punjab
Need #Blood Type :  AB-positive
At : Dayanand Medical College Hospital.
Number of Units : 2
Primary Number : 8699805115
Secondary Number : 9622088567
Patient : SIMRAN SHARMA
Illness : ACCIDENT
Via: @vipulbali1
#BloodMatters
Powered by Twitter https://t.co/hrgYqWZLlK","4","158","292","https://twitter.com/BloodDonorsIn/status/1153903908143685632","2019-07-24T05:45:04.000Z",
"2008-12-23T07:55:39.000Z","false","Focused on matching blood donors with those in need. Mentioned in the Mary Meeker Internet Trends Report. Spread the word, help save lives. We save 8 lives/day.","0","21553","1216107","2276","false","18329263","false","370","Mumbai, India","114375","Blood Donors India","1216107","false","https://pbs.twimg.com/profile_banners/18329263/1622109819","https://pbs.twimg.com/profile_images/1614330887335972864/9zWMnJF5_normal.jpg","BloodDonorsIn","388139","none","false",,"#Delhi
Need #Blood Type :  B-positive
At : Dharamshila Hospital. 
Blood Component : Need Plasma from B+ve #COVID19 recovered patient.
Number of Units : 2
Primary Number : 9958988582
Secondary Number : 9450009666
Via: @ZairaWasimmm 
#BloodMatters
Powered by Twitter https://t.co/ACIcWNmBcm","8","104","266","https://twitter.com/BloodDonorsIn/status/1294271510610358272","2020-08-14T13:55:49.000Z",
"2008-12-23T07:55:39.000Z","false","Focused on matching blood donors with those in need. Mentioned in the Mary Meeker Internet Trends Report. Spread the word, help save lives. We save 8 lives/day.","0","21553","1216107","2276","false","18329263","false","370","Mumbai, India","114375","Blood Donors India","1216107","false","https://pbs.twimg.com/profile_banners/18329263/1622109819","https://pbs.twimg.com/profile_images/1614330887335972864/9zWMnJF5_normal.jpg","BloodDonorsIn","388139","none","false",,"#Gurugram Need #Blood O+ve at Artemis Hospital. Call 9818737158 via @Pedal_India cc @crowngaurav @gurgaonpolice @GuruOfficial @Priya_Menon @Alllahdin @boxervijender @sunetrac @SakshiMalik @rjraunac @RandeepHooda @amritabhinder @priyankac19 @TajinderBagga @jassi1gill #BloodMatters","1","165","262","https://twitter.com/BloodDonorsIn/status/1000983824962961408","2018-05-28T06:15:15.000Z",
"2008-12-23T07:55:39.000Z","false","Focused on matching blood donors with those in need. Mentioned in the Mary Meeker Internet Trends Report. Spread the word, help save lives. We save 8 lives/day.","0","21553","1216107","2276","false","18329263","false","370","Mumbai, India","114375","Blood Donors India","1216107","false","https://pbs.twimg.com/profile_banners/18329263/1622109819","https://pbs.twimg.com/profile_images/1614330887335972864/9zWMnJF5_normal.jpg","BloodDonorsIn","388139","none","false",,"Let's convert more good intentions into concrete action - donate blood more often, get more people to donate and make this year 2019 a Happy New Year for as many people as possible. #Happy_New_Year_2019","2","95","278","https://twitter.com/BloodDonorsIn/status/1079985070264352769","2019-01-01T06:18:00.000Z",
"2008-12-23T07:55:39.000Z","false","Focused on matching blood donors with those in need. Mentioned in the Mary Meeker Internet Trends Report. Spread the word, help save lives. We save 8 lives/day.","0","21553","1216107","2276","false","18329263","false","370","Mumbai, India","114375","Blood Donors India","1216107","false","https://pbs.twimg.com/profile_banners/18329263/1622109819","https://pbs.twimg.com/profile_images/1614330887335972864/9zWMnJF5_normal.jpg","BloodDonorsIn","388139","none","false",,"Hello @KTRTRS @hydcitypolice @IGWomenSafety, Can you please any donor to reach hospital for blood donation. Thanks!!","8","116","286","https://twitter.com/BloodDonorsIn/status/1246840270710132737","2020-04-05T16:41:00.000Z",
"2008-12-23T07:55:39.000Z","false","Focused on matching blood donors with those in need. Mentioned in the Mary Meeker Internet Trends Report. Spread the word, help save lives. We save 8 lives/day.","0","21553","1216107","2276","false","18329263","false","370","Mumbai, India","114375","Blood Donors India","1216107","false","https://pbs.twimg.com/profile_banners/18329263/1622109819","https://pbs.twimg.com/profile_images/1614330887335972864/9zWMnJF5_normal.jpg","BloodDonorsIn","388139","none","false",,"#Hyderabad 
Need #Blood Type :  O-negative
At : Citizen's hospital
Number of Units : 1
Primary Number : 9032205729
Patient : Kavya Sri
Via: @abhinay_gsk
#BloodMatters
Powered by Twitter https://t.co/dD8ThAgcox","5","106","35","https://twitter.com/BloodDonorsIn/status/1246474470098980864","2020-04-04T16:27:26.000Z",
"2008-12-23T07:55:39.000Z","false","Focused on matching blood donors with those in need. Mentioned in the Mary Meeker Internet Trends Report. Spread the word, help save lives. We save 8 lives/day.","0","21553","1216107","2276","false","18329263","false","370","Mumbai, India","114375","Blood Donors India","1216107","false","https://pbs.twimg.com/profile_banners/18329263/1622109819","https://pbs.twimg.com/profile_images/1614330887335972864/9zWMnJF5_normal.jpg","BloodDonorsIn","388139","none","false",,"#Delhi Urgently Need #Blood A-ve at Fortis Escorts Hospital. Call 9870865538 via @archie229. Please share @DrKumarVishwas @virendersehwag @GautamGambhir @Nidhi @nistula @sunetrac @rjraunac @RedFMIndia @MirchiSayema @ImRaina @priyankac19 @TajinderBagga @AnkitLal #BloodMatters","2","168","252","https://twitter.com/BloodDonorsIn/status/1049490788038500353","2018-10-09T02:44:37.000Z",
"2008-12-23T07:55:39.000Z","false","Focused on matching blood donors with those in need. Mentioned in the Mary Meeker Internet Trends Report. Spread the word, help save lives. We save 8 lives/day.","0","21553","1216107","2276","false","18329263","false","370","Mumbai, India","114375","Blood Donors India","1216107","false","https://pbs.twimg.com/profile_banners/18329263/1622109819","https://pbs.twimg.com/profile_images/1614330887335972864/9zWMnJF5_normal.jpg","BloodDonorsIn","388139","none","false",,"#Thane
Need #Blood Type :  A-positive
At : Thamba Hospital 
Blood Component : Need Plasma from A+ve #COVID19 recovered patient.
Number of Units : 2
Primary Number : 7021539758
Via: @surajpearl
#BloodMatters
Powered by Twitter https://t.co/HVdKKUZtyS","15","72","281","https://twitter.com/BloodDonorsIn/status/1359896717160816643","2021-02-11T16:06:57.000Z",
"2008-12-23T07:55:39.000Z","false","Focused on matching blood donors with those in need. Mentioned in the Mary Meeker Internet Trends Report. Spread the word, help save lives. We save 8 lives/day.","0","21553","1216107","2276","false","18329263","false","370","Mumbai, India","114375","Blood Donors India","1216107","false","https://pbs.twimg.com/profile_banners/18329263/1622109819","https://pbs.twimg.com/profile_images/1614330887335972864/9zWMnJF5_normal.jpg","BloodDonorsIn","388139","none","false",,"#Lucknow Need #Blood O-ve for New born baby at Era Med College. Call 9598312559 via @mohdfurquanLko cc @lucknowpolice @upcoprahul @rjraunac @maliniawasthi @rohini_sgh @DrKumarVishwas @crowngaurav @TajinderBagga @WeUttarPradesh @priyankac19 @richa_singh @ShrutiRedFm #BloodMatters","2","249","256","https://twitter.com/BloodDonorsIn/status/1007568486518935553","2018-06-15T10:20:21.000Z",
"2008-12-23T07:55:39.000Z","false","Focused on matching blood donors with those in need. Mentioned in the Mary Meeker Internet Trends Report. Spread the word, help save lives. We save 8 lives/day.","0","21553","1216107","2276","false","18329263","false","370","Mumbai, India","114375","Blood Donors India","1216107","false","https://pbs.twimg.com/profile_banners/18329263/1622109819","https://pbs.twimg.com/profile_images/1614330887335972864/9zWMnJF5_normal.jpg","BloodDonorsIn","388139","none","false",,"#Hyderabad Need #Blood Platelets A+ve at Rainbow Hospital. Call 7090363077 via @ravitedz. Please share @hydcitypolice @KTRTRS #BloodMatters","2","140","252","https://twitter.com/BloodDonorsIn/status/1034784061980463106","2018-08-29T12:45:20.000Z",
"2008-12-23T07:55:39.000Z","false","Focused on matching blood donors with those in need. Mentioned in the Mary Meeker Internet Trends Report. Spread the word, help save lives. We save 8 lives/day.","0","21553","1216107","2276","false","18329263","false","370","Mumbai, India","114375","Blood Donors India","1216107","false","https://pbs.twimg.com/profile_banners/18329263/1622109819","https://pbs.twimg.com/profile_images/1614330887335972864/9zWMnJF5_normal.jpg","BloodDonorsIn","388139","none","false",,"#Gurugram Need #Blood any group for Liver Transplant at Medanta Hospital. Call 9717084625 via @ANIMESHJHA84 cc Please RT @RandeepHooda @gurgaonpolice @boxervijender @virendersehwag @rjraunac @GuruOfficial #BloodMatters","2","132","255","https://twitter.com/BloodDonorsIn/status/1015175021365325826","2018-07-06T10:06:00.000Z",
"2008-12-23T07:55:39.000Z","false","Focused on matching blood donors with those in need. Mentioned in the Mary Meeker Internet Trends Report. Spread the word, help save lives. We save 8 lives/day.","0","21553","1216107","2276","false","18329263","false","370","Mumbai, India","114375","Blood Donors India","1216107","false","https://pbs.twimg.com/profile_banners/18329263/1622109819","https://pbs.twimg.com/profile_images/1614330887335972864/9zWMnJF5_normal.jpg","BloodDonorsIn","388139","none","false",,"I'm taking a small detour from our normal tweets to wish @bhogleharsha on his birthday - a very Happy Birthday to you, Harsha ! You've used your celebrity status like no one else has, and helped our movement grow over the years. You've helped save so many lives, my friend...","6","42","270","https://twitter.com/BloodDonorsIn/status/1284712702351257601","2020-07-19T04:52:31.000Z",
"2008-12-23T07:55:39.000Z","false","Focused on matching blood donors with those in need. Mentioned in the Mary Meeker Internet Trends Report. Spread the word, help save lives. We save 8 lives/day.","0","21553","1216107","2276","false","18329263","false","370","Mumbai, India","114375","Blood Donors India","1216107","false","https://pbs.twimg.com/profile_banners/18329263/1622109819","https://pbs.twimg.com/profile_images/1614330887335972864/9zWMnJF5_normal.jpg","BloodDonorsIn","388139","none","false",,"#Chandigarh Urgently Need #Blood O+ve at GMC Hospital. Call 8968422900 via @ifrahmufti cc Please share @YUVSTRONG12 @GulPanag @MajDPSingh @amritabhinder @yamigautam @ayushmannk @SurveenChawla @GuruOfficial @ikpsgill1 @jassi1gill @SinghNavdeep @MikaSingh #BloodMatters","8","111","236","https://twitter.com/BloodDonorsIn/status/1019905448055631872","2018-07-19T11:23:02.000Z",
"2008-12-23T07:55:39.000Z","false","Focused on matching blood donors with those in need. Mentioned in the Mary Meeker Internet Trends Report. Spread the word, help save lives. We save 8 lives/day.","0","21553","1216107","2276","false","18329263","false","370","Mumbai, India","114375","Blood Donors India","1216107","false","https://pbs.twimg.com/profile_banners/18329263/1622109819","https://pbs.twimg.com/profile_images/1614330887335972864/9zWMnJF5_normal.jpg","BloodDonorsIn","388139","none","false",,"#Secunderabad Need #Blood Platelets B+ve for 13yo girl fighting #Leukemia at KIMS Hospital. Call 9490937512 via @rjswathinaidu. Please share @KTRTRS @anusuyakhasba @urstrulyMahesh @shreyaghoshal @hydcitypolice #BloodMatters","3","215","239","https://twitter.com/BloodDonorsIn/status/1027958789599768576","2018-08-10T16:44:08.000Z",
"2008-12-23T07:55:39.000Z","false","Focused on matching blood donors with those in need. Mentioned in the Mary Meeker Internet Trends Report. Spread the word, help save lives. We save 8 lives/day.","0","21553","1216107","2276","false","18329263","false","370","Mumbai, India","114375","Blood Donors India","1216107","false","https://pbs.twimg.com/profile_banners/18329263/1622109819","https://pbs.twimg.com/profile_images/1614330887335972864/9zWMnJF5_normal.jpg","BloodDonorsIn","388139","none","false",,"#Bhubaneswar
Need #Blood Type :  B-positive
At : AIIMS Hospital. 
Blood Component : Blood
Number of Units : 3
Primary Number : 6372045064 
Via: @kaibalya3342
#BloodMatters
Powered by Twitter https://t.co/OQUJFc3MWc","8","80","267","https://twitter.com/BloodDonorsIn/status/1359897074045767680","2021-02-11T16:08:22.000Z",
"2008-12-23T07:55:39.000Z","false","Focused on matching blood donors with those in need. Mentioned in the Mary Meeker Internet Trends Report. Spread the word, help save lives. We save 8 lives/day.","0","21553","1216107","2276","false","18329263","false","370","Mumbai, India","114375","Blood Donors India","1216107","false","https://pbs.twimg.com/profile_banners/18329263/1622109819","https://pbs.twimg.com/profile_images/1614330887335972864/9zWMnJF5_normal.jpg","BloodDonorsIn","388139","none","false",,"#Noida Need #Blood O-ve at Metro Hospital. Call 9953331378, 7011878948 via @iDKSingh. Please share @noidapolice @upcoprahul @DrKumarVishwas @richaanirudh @maliniawasthi @pksbjp @rjraunac @ArvindGaur @bhogleharsha @TajinderBagga @nistula @priyankac19 @AnkitLal @Nidhi #BloodMatters","6","238","232","https://twitter.com/BloodDonorsIn/status/1053976326690942978","2018-10-21T11:48:32.000Z",
"2008-12-23T07:55:39.000Z","false","Focused on matching blood donors with those in need. Mentioned in the Mary Meeker Internet Trends Report. Spread the word, help save lives. We save 8 lives/day.","0","21553","1216107","2276","false","18329263","false","370","Mumbai, India","114375","Blood Donors India","1216107","false","https://pbs.twimg.com/profile_banners/18329263/1622109819","https://pbs.twimg.com/profile_images/1614330887335972864/9zWMnJF5_normal.jpg","BloodDonorsIn","388139","none","false",,"#Chennai Urgently Need #Blood A+ve 10 units at Fortis Malar Hospital. Call 9322665219, 9725408989 via @Vandana_Trivedi. Pls share @ashwinravi99 @DineshKarthik @khushsundar @ChennaiRains @sang1983 @sureshnmenon @calamur @sridevisreedhar @VigneshShivN @rameshlaus #BloodMatters","2","174","245","https://twitter.com/BloodDonorsIn/status/1081128821376602112","2019-01-04T10:02:52.000Z",
"2008-12-23T07:55:39.000Z","false","Focused on matching blood donors with those in need. Mentioned in the Mary Meeker Internet Trends Report. Spread the word, help save lives. We save 8 lives/day.","0","21553","1216107","2276","false","18329263","false","370","Mumbai, India","114375","Blood Donors India","1216107","false","https://pbs.twimg.com/profile_banners/18329263/1622109819","https://pbs.twimg.com/profile_images/1614330887335972864/9zWMnJF5_normal.jpg","BloodDonorsIn","388139","none","false",,"#Gurugram Need #Blood O+ve at Artemis Hospital. Call 8076300538 via @sidd318. Please share @RandeepHooda @boxervijender @RedFMIndia @virendersehwag @MirchiSayema @priyankac19 @Nidhi @sunetrac @TajinderBagga @amritabhinder @ArvindGaur @nistula #BloodMatters","6","205","229","https://twitter.com/BloodDonorsIn/status/1053161987935416320","2018-10-19T05:52:39.000Z",
"2008-12-23T07:55:39.000Z","false","Focused on matching blood donors with those in need. Mentioned in the Mary Meeker Internet Trends Report. Spread the word, help save lives. We save 8 lives/day.","0","21553","1216107","2276","false","18329263","false","370","Mumbai, India","114375","Blood Donors India","1216107","false","https://pbs.twimg.com/profile_banners/18329263/1622109819","https://pbs.twimg.com/profile_images/1614330887335972864/9zWMnJF5_normal.jpg","BloodDonorsIn","388139","none","false",,"#Noida #Urgently Need #Blood O+ve or B+ve at Fortis Hospital. Call 7838620877 via @crowngaurav. Please share @noidapolice @upcoprahul @igrangemeerut @DrKumarVishwas @maliniawasthi @pksbjp @rjraunac @OneTipOneHand_ @ArvindGaur @bhogleharsha @TajinderBagga @nistula #BloodMatters","6","189","225","https://twitter.com/BloodDonorsIn/status/1025366786928046081","2018-08-03T13:04:27.000Z",
"2008-12-23T07:55:39.000Z","false","Focused on matching blood donors with those in need. Mentioned in the Mary Meeker Internet Trends Report. Spread the word, help save lives. We save 8 lives/day.","0","21553","1216107","2276","false","18329263","false","370","Mumbai, India","114375","Blood Donors India","1216107","false","https://pbs.twimg.com/profile_banners/18329263/1622109819","https://pbs.twimg.com/profile_images/1614330887335972864/9zWMnJF5_normal.jpg","BloodDonorsIn","388139","none","false",,"From 1st April 2020, that's just over 73 days, we helped 2459 patients with 11,055+ blood donations - that's over 33 people helped with 150+ blood, platelets &amp; plasma donations every day during the lockdown till now. Let's keep this momentum going.#IndiaFightsCorona #BloodMatters","13","95","238","https://twitter.com/BloodDonorsIn/status/1271415233467187200","2020-06-12T12:13:08.000Z",
"2008-12-23T07:55:39.000Z","false","Focused on matching blood donors with those in need. Mentioned in the Mary Meeker Internet Trends Report. Spread the word, help save lives. We save 8 lives/day.","0","21553","1216107","2276","false","18329263","false","370","Mumbai, India","114375","Blood Donors India","1216107","false","https://pbs.twimg.com/profile_banners/18329263/1622109819","https://pbs.twimg.com/profile_images/1614330887335972864/9zWMnJF5_normal.jpg","BloodDonorsIn","388139","none","false",,"#Mumbai Need #Blood A+ve for 15yo at  Bombay Hospital. Call 9969444291 via @akshayerathi @surendrabaliga cc @crowngaurav @mymalishka @MumbaiCentral @HrishiKay @anaggh @MasalaBai @Riteishd @bhogleharsha @TandonRaveena @nistula
@AnupamPKher @priyankac19 @TajinderBagga #BloodMatters","4","194","221","https://twitter.com/BloodDonorsIn/status/997398238935183360","2018-05-18T08:47:25.000Z",
"2008-12-23T07:55:39.000Z","false","Focused on matching blood donors with those in need. Mentioned in the Mary Meeker Internet Trends Report. Spread the word, help save lives. We save 8 lives/day.","0","21553","1216107","2276","false","18329263","false","370","Mumbai, India","114375","Blood Donors India","1216107","false","https://pbs.twimg.com/profile_banners/18329263/1622109819","https://pbs.twimg.com/profile_images/1614330887335972864/9zWMnJF5_normal.jpg","BloodDonorsIn","388139","none","false",,"#Lucknow Need #Blood any group at Ram Manohar Lohia Hospital,Lucknow.
Call +918787235357 via @amahatao @ShrutiRedFm cc @rjraunac @crowngaurav @upcoprahul @lucknowpolice @TajinderBagga @juhiesingh @nistula @rohini_sgh @Uppolice @DrKumarVishwas @WeUttarPradesh @upma23 #BloodMatters","5","155","225","https://twitter.com/BloodDonorsIn/status/986851174639964161","2018-04-19T06:17:09.000Z",
"2008-12-23T07:55:39.000Z","false","Focused on matching blood donors with those in need. Mentioned in the Mary Meeker Internet Trends Report. Spread the word, help save lives. We save 8 lives/day.","0","21553","1216107","2276","false","18329263","false","370","Mumbai, India","114375","Blood Donors India","1216107","false","https://pbs.twimg.com/profile_banners/18329263/1622109819","https://pbs.twimg.com/profile_images/1614330887335972864/9zWMnJF5_normal.jpg","BloodDonorsIn","388139","none","false",,"#Indore
Need #Blood Type :  O-negative
At : Suyash Hospital 
Blood Component : Blood
Number of Units : 3
Primary Number : 9004685803
Via: @RaghuRamaiah3
#BloodMatters
Powered by Twitter https://t.co/zNgadHgLB5","11","72","235","https://twitter.com/BloodDonorsIn/status/1359896793388118016","2021-02-11T16:07:15.000Z",
"2008-12-23T07:55:39.000Z","false","Focused on matching blood donors with those in need. Mentioned in the Mary Meeker Internet Trends Report. Spread the word, help save lives. We save 8 lives/day.","0","21553","1216107","2276","false","18329263","false","370","Mumbai, India","114375","Blood Donors India","1216107","false","https://pbs.twimg.com/profile_banners/18329263/1622109819","https://pbs.twimg.com/profile_images/1614330887335972864/9zWMnJF5_normal.jpg","BloodDonorsIn","388139","none","false",,"#Delhi Urgently Need #Blood O+ve 10 units for 8yo at Sir Ganga Ram Hospital. Call 8800298406, 9811341086 via @vmoorthynow. Please share @DelhiPolice @rjraunac @virendersehwag @DrKumarVishwas @amritabhinder @Nidhi @nistula @AnkitLal @MirchiSayema @TajinderBagga #BloodMatters","4","222","220","https://twitter.com/BloodDonorsIn/status/1055691763732537344","2018-10-26T05:25:04.000Z",
"2008-12-23T07:55:39.000Z","false","Focused on matching blood donors with those in need. Mentioned in the Mary Meeker Internet Trends Report. Spread the word, help save lives. We save 8 lives/day.","0","21553","1216107","2276","false","18329263","false","370","Mumbai, India","114375","Blood Donors India","1216107","false","https://pbs.twimg.com/profile_banners/18329263/1622109819","https://pbs.twimg.com/profile_images/1614330887335972864/9zWMnJF5_normal.jpg","BloodDonorsIn","388139","none","false",,"#Mumbai Urgently Need #Blood &amp; White Blood Cells O+ve for 7yo fighting #Cancer at Wadia Children Hospital. Call 7039275978 via @WicKed_JeeT. Please share @MumbaiPolice @anaggh @Nidhi @MasalaBai @b50 @Riteishd @AUThackeray @poonam_mahajan @priyankac19 @PriyaDutt_INC #BloodMatters","7","165","222","https://twitter.com/BloodDonorsIn/status/1049185665974325250","2018-10-08T06:32:10.000Z",
"2008-12-23T07:55:39.000Z","false","Focused on matching blood donors with those in need. Mentioned in the Mary Meeker Internet Trends Report. Spread the word, help save lives. We save 8 lives/day.","0","21553","1216107","2276","false","18329263","false","370","Mumbai, India","114375","Blood Donors India","1216107","false","https://pbs.twimg.com/profile_banners/18329263/1622109819","https://pbs.twimg.com/profile_images/1614330887335972864/9zWMnJF5_normal.jpg","BloodDonorsIn","388139","none","false",,"#Hyderabad Urgently Need #Blood O+ve at KIMS Hospital. Call 7002178545, 9085388707 via @StormbornSanghi. Please share @hydcitypolice @KTRTRS @LakshmiManchu @vennelakishore @23_rahulr @purijagan @RanaDaggubati @anusuyakhasba @RJChaitu #BloodMatters","7","134","198","https://twitter.com/BloodDonorsIn/status/1034018296398589953","2018-08-27T10:02:27.000Z",
"2008-12-23T07:55:39.000Z","false","Focused on matching blood donors with those in need. Mentioned in the Mary Meeker Internet Trends Report. Spread the word, help save lives. We save 8 lives/day.","0","21553","1216107","2276","false","18329263","false","370","Mumbai, India","114375","Blood Donors India","1216107","false","https://pbs.twimg.com/profile_banners/18329263/1622109819","https://pbs.twimg.com/profile_images/1614330887335972864/9zWMnJF5_normal.jpg","BloodDonorsIn","388139","none","false",,"#Ahmedabad Need #Blood at V.S. Hospital, Ahmedabad, https://t.co/JJO5WXExsK Nikul Panchal - 8200985195 via @jayeshpanchal86 cc @anaggh @dhaval241086 @RjDhvanit @ektainlove @DarshanRavalDZ @crowngaurav #BloodMatters","7","76","221","https://twitter.com/BloodDonorsIn/status/981838749532344320","2018-04-05T10:19:34.000Z",
"2008-12-23T07:55:39.000Z","false","Focused on matching blood donors with those in need. Mentioned in the Mary Meeker Internet Trends Report. Spread the word, help save lives. We save 8 lives/day.","0","21553","1216107","2276","false","18329263","false","370","Mumbai, India","114375","Blood Donors India","1216107","false","https://pbs.twimg.com/profile_banners/18329263/1622109819","https://pbs.twimg.com/profile_images/1614330887335972864/9zWMnJF5_normal.jpg","BloodDonorsIn","388139","none","false",,"They have met the requirement. Prayers for the healthy recovery of patient. #BloodMatters 🙏 https://t.co/KAaUPR3p5j","2","45","205","https://twitter.com/BloodDonorsIn/status/992665656892911616","2018-05-05T07:21:50.000Z",
"2008-12-23T07:55:39.000Z","false","Focused on matching blood donors with those in need. Mentioned in the Mary Meeker Internet Trends Report. Spread the word, help save lives. We save 8 lives/day.","0","21553","1216107","2276","false","18329263","false","370","Mumbai, India","114375","Blood Donors India","1216107","false","https://pbs.twimg.com/profile_banners/18329263/1622109819","https://pbs.twimg.com/profile_images/1614330887335972864/9zWMnJF5_normal.jpg","BloodDonorsIn","388139","none","false",,"#Chandigarh  Need #Blood A-ve for young #cancer fighter  Govt. Med. College, Sector 32, Chandigarh. Call 8872760738 via @IMLalit7 cc @MajDPSingh @amritabhinder @diljitdosanjh @GuruOfficial @TajinderBagga @GulPanag @crowngaurav @RAJIEEMSHINDE @jassi1gill @neerubajwa #BloodMatters","2","126","212","https://twitter.com/BloodDonorsIn/status/988806697178165249","2018-04-24T15:47:42.000Z",
"2008-12-23T07:55:39.000Z","false","Focused on matching blood donors with those in need. Mentioned in the Mary Meeker Internet Trends Report. Spread the word, help save lives. We save 8 lives/day.","0","21553","1216107","2276","false","18329263","false","370","Mumbai, India","114375","Blood Donors India","1216107","false","https://pbs.twimg.com/profile_banners/18329263/1622109819","https://pbs.twimg.com/profile_images/1614330887335972864/9zWMnJF5_normal.jpg","BloodDonorsIn","388139","none","false",,"#Hyderabad Need #Blood A+ve at Care Hospital. Call 9866334219 via @GouseJilaniAA. Please share @alluarjun @hydcitypolice @KTRTRS @LakshmiManchu @vennelakishore @23_rahulr @purijagan @anusuyakhasba @RJChaitu @NSaina @MirzaSania #BloodMatters","6","109","205","https://twitter.com/BloodDonorsIn/status/1046034366034403328","2018-09-29T13:50:01.000Z",
"2008-12-23T07:55:39.000Z","false","Focused on matching blood donors with those in need. Mentioned in the Mary Meeker Internet Trends Report. Spread the word, help save lives. We save 8 lives/day.","0","21553","1216107","2276","false","18329263","false","370","Mumbai, India","114375","Blood Donors India","1216107","false","https://pbs.twimg.com/profile_banners/18329263/1622109819","https://pbs.twimg.com/profile_images/1614330887335972864/9zWMnJF5_normal.jpg","BloodDonorsIn","388139","none","false",,"#Hyderabad Urgently Need #Blood B-ve at Usha Mullapudi Cardiac Centre. Call 9717722599 via @manish0891
 Please share @hydcitypolice @KTRTRS 
@anusuyakhasba @tarak9999 @PawanKalyan @ssrajamouli
#BloodMatters","6","189","207","https://twitter.com/BloodDonorsIn/status/1025781762876530688","2018-08-04T16:33:25.000Z",
"2008-12-23T07:55:39.000Z","false","Focused on matching blood donors with those in need. Mentioned in the Mary Meeker Internet Trends Report. Spread the word, help save lives. We save 8 lives/day.","0","21553","1216107","2276","false","18329263","false","370","Mumbai, India","114375","Blood Donors India","1216107","false","https://pbs.twimg.com/profile_banners/18329263/1622109819","https://pbs.twimg.com/profile_images/1614330887335972864/9zWMnJF5_normal.jpg","BloodDonorsIn","388139","none","false",,"#Secunderabad Need #Blood B-ve for a newly born baby at Rainbow Hospital. Call 77998 89735 via @avinashchoubey. Please share @KTRTRS @hydcitypolice @anusuyakhasba @23_rahulr @RanaDaggubati @purijagan @LakshmiManchu
#BloodMatters","6","185","202","https://twitter.com/BloodDonorsIn/status/1029026248763138049","2018-08-13T15:25:50.000Z",
"2008-12-23T07:55:39.000Z","false","Focused on matching blood donors with those in need. Mentioned in the Mary Meeker Internet Trends Report. Spread the word, help save lives. We save 8 lives/day.","0","21553","1216107","2276","false","18329263","false","370","Mumbai, India","114375","Blood Donors India","1216107","false","https://pbs.twimg.com/profile_banners/18329263/1622109819","https://pbs.twimg.com/profile_images/1614330887335972864/9zWMnJF5_normal.jpg","BloodDonorsIn","388139","none","false",,"#Hyderabad Need Blood B-ve at Global Hospital, Lakrikapul. Call 7093900537 via @siddharth94. Please share @hydcitypolice @KTRTRS @LakshmiManchu @vennelakishore @23_rahulr @purijagan @RanaDaggubati @anusuyakhasba @RJChaitu #BloodMatters","3","120","200","https://twitter.com/BloodDonorsIn/status/1033381168312475648","2018-08-25T15:50:44.000Z",
"2008-12-23T07:55:39.000Z","false","Focused on matching blood donors with those in need. Mentioned in the Mary Meeker Internet Trends Report. Spread the word, help save lives. We save 8 lives/day.","0","21553","1216107","2276","false","18329263","false","370","Mumbai, India","114375","Blood Donors India","1216107","false","https://pbs.twimg.com/profile_banners/18329263/1622109819","https://pbs.twimg.com/profile_images/1614330887335972864/9zWMnJF5_normal.jpg","BloodDonorsIn","388139","none","false",,"Mr. Balu Nayar, the brain behind @BloodDonorsIn will take us through the journey of world's largest community of kindness | Join him LIVE in conversation with 
@SociallyBlog on 14th June at 10 am IST. #WorldBloodDonorDay #BloodDonorDay #BloodMatters https://t.co/IEVukyUX5I","21","145","208","https://twitter.com/BloodDonorsIn/status/1271743205927600129","2020-06-13T09:56:22.000Z",
"2008-12-23T07:55:39.000Z","false","Focused on matching blood donors with those in need. Mentioned in the Mary Meeker Internet Trends Report. Spread the word, help save lives. We save 8 lives/day.","0","21553","1216107","2276","false","18329263","false","370","Mumbai, India","114375","Blood Donors India","1216107","false","https://pbs.twimg.com/profile_banners/18329263/1622109819","https://pbs.twimg.com/profile_images/1614330887335972864/9zWMnJF5_normal.jpg","BloodDonorsIn","388139","none","false",,"It all started with 6 donor names &amp; contacts on an Excel sheet in 2006 &amp; rest is history. Thanks to all the donors &amp; volunteers who have helped saving lives every day since then. Let's keep this momentum going, reach more people &amp; help many more strangers, help save more lives","9","82","220","https://twitter.com/BloodDonorsIn/status/1271719916324839426","2020-06-13T08:23:50.000Z",
"2008-12-23T07:55:39.000Z","false","Focused on matching blood donors with those in need. Mentioned in the Mary Meeker Internet Trends Report. Spread the word, help save lives. We save 8 lives/day.","0","21553","1216107","2276","false","18329263","false","370","Mumbai, India","114375","Blood Donors India","1216107","false","https://pbs.twimg.com/profile_banners/18329263/1622109819","https://pbs.twimg.com/profile_images/1614330887335972864/9zWMnJF5_normal.jpg","BloodDonorsIn","388139","none","false",,"#Ghaziabad #Sahibabad Need #Blood Platelets O+ve at Ambey Hospital. Call 9811150999 via @imdpksrma. Please share @ghaziabadpolice @Gen_VKSingh @AtulGargBJP @DrKumarVishwas @richaanirudh @nistula @Nidhi @MohammadKaif @ImRaina @rituias2003 @TajinderBagga @gargankur #BloodMatters","2","101","199","https://twitter.com/BloodDonorsIn/status/1052143592771182592","2018-10-16T10:25:55.000Z",
"2008-12-23T07:55:39.000Z","false","Focused on matching blood donors with those in need. Mentioned in the Mary Meeker Internet Trends Report. Spread the word, help save lives. We save 8 lives/day.","0","21553","1216107","2276","false","18329263","false","370","Mumbai, India","114375","Blood Donors India","1216107","false","https://pbs.twimg.com/profile_banners/18329263/1622109819","https://pbs.twimg.com/profile_images/1614330887335972864/9zWMnJF5_normal.jpg","BloodDonorsIn","388139","none","false",,"#Delhi Need #Blood B+ve at Holy Family Hospital. Call 9311111005 via @piyushleads cc @crowngaurav @ArvindGaur @DelhiPolice @IPSMadhurVerma @rahulverma08 @virendersehwag @rjraunac @priyankac19 @MirchiSayema @TajinderBagga @Priya_Menon @DrKumarVishwas @nistula #BloodMatters","3","198","207","https://twitter.com/BloodDonorsIn/status/998577213967548416","2018-05-21T14:52:15.000Z",
"2008-12-23T07:55:39.000Z","false","Focused on matching blood donors with those in need. Mentioned in the Mary Meeker Internet Trends Report. Spread the word, help save lives. We save 8 lives/day.","0","21553","1216107","2276","false","18329263","false","370","Mumbai, India","114375","Blood Donors India","1216107","false","https://pbs.twimg.com/profile_banners/18329263/1622109819","https://pbs.twimg.com/profile_images/1614330887335972864/9zWMnJF5_normal.jpg","BloodDonorsIn","388139","none","false",,"Viviana, This is indeed so lovely. We would like to extend thanks to the donor and volunteers who have helped save a life. All the very best wishes to the you from everyone in our network. @VermaViviana #BloodMatters","0","51","206","https://twitter.com/BloodDonorsIn/status/1142739363480010752","2019-06-23T10:21:09.000Z",
"2008-12-23T07:55:39.000Z","false","Focused on matching blood donors with those in need. Mentioned in the Mary Meeker Internet Trends Report. Spread the word, help save lives. We save 8 lives/day.","0","21553","1216107","2276","false","18329263","false","370","Mumbai, India","114375","Blood Donors India","1216107","false","https://pbs.twimg.com/profile_banners/18329263/1622109819","https://pbs.twimg.com/profile_images/1614330887335972864/9zWMnJF5_normal.jpg","BloodDonorsIn","388139","none","false",,"#Hyderabad Need #Blood Platelets Any Group at ESI Hospital. Call 9492311305 via @ArjunPai. Please share @hydcitypolice @KTRTRS @rameshlaus @LakshmiManchu @vennelakishore @23_rahulr @purijagan @nistula @nidhi @VVSLaxman281 @anusuyakhasba @RJChaitu @NSaina @MirzaSania #BloodMatters","2","129","202","https://twitter.com/BloodDonorsIn/status/1045905156536029186","2018-09-29T05:16:35.000Z",
"2008-12-23T07:55:39.000Z","false","Focused on matching blood donors with those in need. Mentioned in the Mary Meeker Internet Trends Report. Spread the word, help save lives. We save 8 lives/day.","0","21553","1216107","2276","false","18329263","false","370","Mumbai, India","114375","Blood Donors India","1216107","false","https://pbs.twimg.com/profile_banners/18329263/1622109819","https://pbs.twimg.com/profile_images/1614330887335972864/9zWMnJF5_normal.jpg","BloodDonorsIn","388139","none","false",,"#Lucknow Need #Blood any group at KGMU. Call 9670517421, 9136744867 via @nitin_gsf cc @crowngaurav @ShrutiRedFm @lucknowpolice
@Igrangelucknow @DrKumarVishwas
@WeUttarPradesh #BloodMatters","1","137","203","https://twitter.com/BloodDonorsIn/status/993753580254281728","2018-05-08T07:24:51.000Z",
"2008-12-23T07:55:39.000Z","false","Focused on matching blood donors with those in need. Mentioned in the Mary Meeker Internet Trends Report. Spread the word, help save lives. We save 8 lives/day.","0","21553","1216107","2276","false","18329263","false","370","Mumbai, India","114375","Blood Donors India","1216107","false","https://pbs.twimg.com/profile_banners/18329263/1622109819","https://pbs.twimg.com/profile_images/1614330887335972864/9zWMnJF5_normal.jpg","BloodDonorsIn","388139","none","false",,"#Hyderabad 
Need #Blood Type :  B-positive
At : Care Hospital, Banjara Hills 
Blood Component : Platelets 
Number of Units : 3
Primary Number : +919700020369
Via: @ammarmohdriyaz
#BloodMatters
Powered by Twitter https://t.co/F9zXZpKHtO","4","116","215","https://twitter.com/BloodDonorsIn/status/1168063574121619457","2019-09-01T07:30:32.000Z",
"2008-12-23T07:55:39.000Z","false","Focused on matching blood donors with those in need. Mentioned in the Mary Meeker Internet Trends Report. Spread the word, help save lives. We save 8 lives/day.","0","21553","1216107","2276","false","18329263","false","370","Mumbai, India","114375","Blood Donors India","1216107","false","https://pbs.twimg.com/profile_banners/18329263/1622109819","https://pbs.twimg.com/profile_images/1614330887335972864/9zWMnJF5_normal.jpg","BloodDonorsIn","388139","none","false",,"#Chennai
Need A+ve #Blood at 
Ramachandra Hospital, Porur, Chennai. Call-  Ashok 8072488110
9894464608 via @PugazMuhilan @khushsundar @Chinmayi @RJ_Balaji #BloodMatters","8","145","210","https://twitter.com/BloodDonorsIn/status/981518568549384193","2018-04-04T13:07:17.000Z",
"2008-12-23T07:55:39.000Z","false","Focused on matching blood donors with those in need. Mentioned in the Mary Meeker Internet Trends Report. Spread the word, help save lives. We save 8 lives/day.","0","21553","1216107","2276","false","18329263","false","370","Mumbai, India","114375","Blood Donors India","1216107","false","https://pbs.twimg.com/profile_banners/18329263/1622109819","https://pbs.twimg.com/profile_images/1614330887335972864/9zWMnJF5_normal.jpg","BloodDonorsIn","388139","none","false",,"#Mumbai
Need #Blood Type :  O-negative
At : INHS ASVINI
Blood Component : Blood
Number of Units : 5
Primary Number : 9769712112
Secondary Number : 9594759444
Patient : KV Rajan
Illness : Bypass Surgery
Via: @archanathammala
#BloodMatters
Powered by Twitter https://t.co/gEl7VGZFHh","6","63","210","https://twitter.com/BloodDonorsIn/status/1359896349450375173","2021-02-11T16:05:30.000Z",
"2008-12-23T07:55:39.000Z","false","Focused on matching blood donors with those in need. Mentioned in the Mary Meeker Internet Trends Report. Spread the word, help save lives. We save 8 lives/day.","0","21553","1216107","2276","false","18329263","false","370","Mumbai, India","114375","Blood Donors India","1216107","false","https://pbs.twimg.com/profile_banners/18329263/1622109819","https://pbs.twimg.com/profile_images/1614330887335972864/9zWMnJF5_normal.jpg","BloodDonorsIn","388139","none","false",,"#Hyderabad Need #Blood AB-ve and AB+ve at Apollo Hospital. Call 9000628287 via @PowerStarSada 
@wasimakram_pspk. Please share @PawanKalyan @hydcitypolice @KTRTRS #BloodMatters","5","164","199","https://twitter.com/BloodDonorsIn/status/1028594546429415424","2018-08-12T10:50:24.000Z",
"2008-12-23T07:55:39.000Z","false","Focused on matching blood donors with those in need. Mentioned in the Mary Meeker Internet Trends Report. Spread the word, help save lives. We save 8 lives/day.","0","21553","1216107","2276","false","18329263","false","370","Mumbai, India","114375","Blood Donors India","1216107","false","https://pbs.twimg.com/profile_banners/18329263/1622109819","https://pbs.twimg.com/profile_images/1614330887335972864/9zWMnJF5_normal.jpg","BloodDonorsIn","388139","none","false",,"#Ghaziabad Need #Blood A+ve at Yashoda Hospital. Call 9654809627 via @LuvBerry_wall. Please share @ghaziabadpolice @rjraunac @richaanirudh @DrKumarVishwas @Gen_VKSingh @AtulGargBJP @nistula @Nidhi @MohammadKaif @ImRaina @rituias2003 @TajinderBagga @MirchiSayema #BloodMatters","10","179","190","https://twitter.com/BloodDonorsIn/status/1052520208940728320","2018-10-17T11:22:27.000Z",
"2008-12-23T07:55:39.000Z","false","Focused on matching blood donors with those in need. Mentioned in the Mary Meeker Internet Trends Report. Spread the word, help save lives. We save 8 lives/day.","0","21553","1216107","2276","false","18329263","false","370","Mumbai, India","114375","Blood Donors India","1216107","false","https://pbs.twimg.com/profile_banners/18329263/1622109819","https://pbs.twimg.com/profile_images/1614330887335972864/9zWMnJF5_normal.jpg","BloodDonorsIn","388139","none","false",,"#Delhi Urgently Need #Blood Any B-ve, A-ve or O-ve 5 units at BLK Hospital. Call 9810413307 via @RadioKaRohan @RedFMIndia. Please share @rjraunac @GautamGambhir @virendersehwag @DrKumarVishwas @amritabhinder @Nidhi @nistula @AnkitLal @MirchiSayema @TajinderBagga #BloodMatters","5","179","183","https://twitter.com/BloodDonorsIn/status/1052065385875296256","2018-10-16T05:15:09.000Z",
"2008-12-23T07:55:39.000Z","false","Focused on matching blood donors with those in need. Mentioned in the Mary Meeker Internet Trends Report. Spread the word, help save lives. We save 8 lives/day.","0","21553","1216107","2276","false","18329263","false","370","Mumbai, India","114375","Blood Donors India","1216107","false","https://pbs.twimg.com/profile_banners/18329263/1622109819","https://pbs.twimg.com/profile_images/1614330887335972864/9zWMnJF5_normal.jpg","BloodDonorsIn","388139","none","false",,"#Lucknow
Need #Blood Type :  B-positive
At : Ram Manohar Lohiya Institute of Medical Science
Number of Units : 5
Primary Number : 9208833629
Secondary Number : 9235788040
Patient : Mohd Danish
Illness : Cancer
Via: @ArushGzp
#BloodMatters
Powered by Twitter https://t.co/zmd2UnUlmm","4","138","199","https://twitter.com/BloodDonorsIn/status/1149540005422911493","2019-07-12T04:44:29.000Z",
"2008-12-23T07:55:39.000Z","false","Focused on matching blood donors with those in need. Mentioned in the Mary Meeker Internet Trends Report. Spread the word, help save lives. We save 8 lives/day.","0","21553","1216107","2276","false","18329263","false","370","Mumbai, India","114375","Blood Donors India","1216107","false","https://pbs.twimg.com/profile_banners/18329263/1622109819","https://pbs.twimg.com/profile_images/1614330887335972864/9zWMnJF5_normal.jpg","BloodDonorsIn","388139","none","false",,"I started this network in 2007, and even today it still gives me a thrill to hear from families of patients who've been helped by our network. Here's a clip from the daughter of a Covid-patient, who needed plasma from a recovered patient. https://t.co/fztN8MibJW","23","52","194","https://twitter.com/BloodDonorsIn/status/1316086777879257088","2020-10-13T18:41:54.000Z",
"2008-12-23T07:55:39.000Z","false","Focused on matching blood donors with those in need. Mentioned in the Mary Meeker Internet Trends Report. Spread the word, help save lives. We save 8 lives/day.","0","21553","1216107","2276","false","18329263","false","370","Mumbai, India","114375","Blood Donors India","1216107","false","https://pbs.twimg.com/profile_banners/18329263/1622109819","https://pbs.twimg.com/profile_images/1614330887335972864/9zWMnJF5_normal.jpg","BloodDonorsIn","388139","none","false",,"@Wriddhipops Please share hospital name with contact details. Thanks!","1","19","193","https://twitter.com/BloodDonorsIn/status/1293980373903273985","2020-08-13T18:38:56.000Z",
"2008-12-23T07:55:39.000Z","false","Focused on matching blood donors with those in need. Mentioned in the Mary Meeker Internet Trends Report. Spread the word, help save lives. We save 8 lives/day.","0","21553","1216107","2276","false","18329263","false","370","Mumbai, India","114375","Blood Donors India","1216107","false","https://pbs.twimg.com/profile_banners/18329263/1622109819","https://pbs.twimg.com/profile_images/1614330887335972864/9zWMnJF5_normal.jpg","BloodDonorsIn","388139","none","false",,"#Aligarh
Need #Blood Type :  B-negative
At : JNMC Hospital. 
Blood Component : Blood
Number of Units : 3
Primary Number : 8374234014
Via: @saleemmohdkhan
#BloodMatters
Powered by Twitter https://t.co/GEBwn2NBU4","6","61","207","https://twitter.com/BloodDonorsIn/status/1359896230676021248","2021-02-11T16:05:01.000Z",
"2008-12-23T07:55:39.000Z","false","Focused on matching blood donors with those in need. Mentioned in the Mary Meeker Internet Trends Report. Spread the word, help save lives. We save 8 lives/day.","0","21553","1216107","2276","false","18329263","false","370","Mumbai, India","114375","Blood Donors India","1216107","false","https://pbs.twimg.com/profile_banners/18329263/1622109819","https://pbs.twimg.com/profile_images/1614330887335972864/9zWMnJF5_normal.jpg","BloodDonorsIn","388139","none","false",,"Do you know any recovered #COVID19 patient? 

There's an extreme shortage of COVID recovered blood plasma around the country especially in Delhi NCR, Mumbai, Pune, Chd, Bhopal, Hyd, Kolkata &amp; Patna though there're many eligible donors available. Pls share &amp; help us to reach more.","43","154","191","https://twitter.com/BloodDonorsIn/status/1330805666659913728","2020-11-23T09:29:30.000Z",
"2008-12-23T07:55:39.000Z","false","Focused on matching blood donors with those in need. Mentioned in the Mary Meeker Internet Trends Report. Spread the word, help save lives. We save 8 lives/day.","0","21553","1216107","2276","false","18329263","false","370","Mumbai, India","114375","Blood Donors India","1216107","false","https://pbs.twimg.com/profile_banners/18329263/1622109819","https://pbs.twimg.com/profile_images/1614330887335972864/9zWMnJF5_normal.jpg","BloodDonorsIn","388139","none","false",,"Dear #Lucknow, Please help!!","1","83","191","https://twitter.com/BloodDonorsIn/status/1325816235905314818","2020-11-09T15:03:17.000Z",
"2008-12-23T07:55:39.000Z","false","Focused on matching blood donors with those in need. Mentioned in the Mary Meeker Internet Trends Report. Spread the word, help save lives. We save 8 lives/day.","0","21553","1216107","2276","false","18329263","false","370","Mumbai, India","114375","Blood Donors India","1216107","false","https://pbs.twimg.com/profile_banners/18329263/1622109819","https://pbs.twimg.com/profile_images/1614330887335972864/9zWMnJF5_normal.jpg","BloodDonorsIn","388139","none","false",,"#Delhi Need #Blood any group 12 units at ILBS Hospital. Call 7566717755 via @IAbhinavChouhan cc Please share @DelhiPolice @RedFMIndia @rjraunac @DrKumarVishwas @ArvindGaur @virendersehwag @GautamGambhir  @MirchiSayema #BloodMatters","3","135","183","https://twitter.com/BloodDonorsIn/status/1023467304732876801","2018-07-29T07:16:35.000Z",
"2008-12-23T07:55:39.000Z","false","Focused on matching blood donors with those in need. Mentioned in the Mary Meeker Internet Trends Report. Spread the word, help save lives. We save 8 lives/day.","0","21553","1216107","2276","false","18329263","false","370","Mumbai, India","114375","Blood Donors India","1216107","false","https://pbs.twimg.com/profile_banners/18329263/1622109819","https://pbs.twimg.com/profile_images/1614330887335972864/9zWMnJF5_normal.jpg","BloodDonorsIn","388139","none","false",,"This request is fulfilled. Thanks to all the donors and volunteers who have helped save a life. All the very best wishes to the patient from everyone in our network. #BloodMatters","2","38","198","https://twitter.com/BloodDonorsIn/status/1151096535473483782","2019-07-16T11:49:35.000Z",
"2008-12-23T07:55:39.000Z","false","Focused on matching blood donors with those in need. Mentioned in the Mary Meeker Internet Trends Report. Spread the word, help save lives. We save 8 lives/day.","0","21553","1216107","2276","false","18329263","false","370","Mumbai, India","114375","Blood Donors India","1216107","false","https://pbs.twimg.com/profile_banners/18329263/1622109819","https://pbs.twimg.com/profile_images/1614330887335972864/9zWMnJF5_normal.jpg","BloodDonorsIn","388139","none","false",,"#Kolkata
Need #Blood Type :  A-negative
At : Fortis Hospital.
Number of Units : 4
Primary Number : 9836183219
Secondary Number : 8861629390
Patient : Mrs. Sutapa Khasnabis
Illness : Dengue
Via: @pinakimj
#BloodMatters
Powered by Twitter https://t.co/wM1IunT2k5","2","68","15","https://twitter.com/BloodDonorsIn/status/1148818437843705857","2019-07-10T04:57:14.000Z",
"2008-12-23T07:55:39.000Z","false","Focused on matching blood donors with those in need. Mentioned in the Mary Meeker Internet Trends Report. Spread the word, help save lives. We save 8 lives/day.","0","21553","1216107","2276","false","18329263","false","370","Mumbai, India","114375","Blood Donors India","1216107","false","https://pbs.twimg.com/profile_banners/18329263/1622109819","https://pbs.twimg.com/profile_images/1614330887335972864/9zWMnJF5_normal.jpg","BloodDonorsIn","388139","none","false",,"#Hyderabad
Need #Blood Type :  O-positive
At : Continental Hospital
Blood Component : Blood
Number of Units : 5
Primary Number : 9790464147
Secondary Number : 8447200952
Patient : Lakshmi
Illness : Heart surgery
Via: @freakomonk
#BloodMatters
Powered by Twitter https://t.co/IVaPsfoY9z","8","77","192","https://twitter.com/BloodDonorsIn/status/1359896039185145857","2021-02-11T16:04:16.000Z",
